job_title,openings
$1k Weekly Work from Home Assistant,22
Engineering Manager API,20
Technical Project Manager,20
Full Stack Software Engineer,16
2026 Associate Solution Consultant Malaysia,16
Sales Engineer LATAM,15
Senior Game Designer WWE Champions,15
Financial Analyst,14
Senior IT Auditor PCI QSA,14
Customer Service Representative,14
Technical Customer Support Associate,14
Junior Customer Support Specialist AI SaaS Support,14
Channel Account Manager HVAC Northeast,14
Account Manager,14
Japan Marketing Manager,14
Growth Marketing Manager,13
Data Conversion Engineer,13
Support Engineer,13
Field Sales Representative,13
Staff Software Engineer DevProd,13
Senior Executive Assistant the CEO,13
iOS Software Engineer,13
Backend Developer,12
Software Engineer Manager Marketing,12
Travel Booking Specialist,12
Site Reliability Engineer,12
Client Success Manager,12
Senior Platform Engineer Postgres Specialist,12
Fully Customer Service Booking Hotels,12
Principal Product Designer,12
Auditor Safety Security and Compliance,12
Software Engineer Core Platform,12
Manager of Storage Services,12
Senior React Native Developer,12
Quality Assurance Analyst,12
Fullstack Engineer Education,11
Manager Program Strategy,11
Account Manager Utilities Telecom Rail,11
Principal Product UX Designer,11
Manager Parcel Operations,11
HR Coordinator,11
Job 27039 Senior Product Owner Brazil,11
Senior Sales Engineer APAC,11
Senior Lead Designer Web &amp; Interactive,11
Senior Software Engineer Data Platform,11
Staff Platform Security Engineer Office of the CISO,10
Account Executive,10
Solutions Engineering Channel,10
CUSTOMER SUCCESS MANAGER,10
Senior Backend Engineer Infrastructure,10
Principal Engineer Pulumi Neo,10
Senior Program Coordinator Data Operations,10
Medical Director,10
Copilot & Power Platform Architect,10
Technical Customer Support Representative,10
Senior Specialist Healthcare Data Analytics & Visualization,10
Data Partnerships,10
Technical Support Engineer,10
Crypto Trading Trainee Market Analysis Associate,10
Appointment Coordinator,9
Senior Staff Software Engineer,9
Product Inventor Engineer @ Fun Ecom Co,9
Mid level Designer,9
Travel Product Researcher &amp; Content Curator,9
Job 27144 Mid Level Fullstack Developer Brazil,9
Customer Experience Shift Manager,9
Proposal Manager,8
Member of Product Core Experience,8
Manager End User Computing,8
Product Line Manager Lending Solutions,8
X Memes and Headline Commentary Tutor,8
Senior Engineering Manager Data Engineering,8
Software Development Engineer III,8
Chief AGI Economist,8
Senior Software Development Engineer DevOps,8
Middle Information Developer TSCM 43250,8
Brand Designer,8
Full Stack Engineer,8
Contract Writer Black Budget,8
Game Designer Star Trek Fleet Command,8
Senior Full Stack Software Engineer,8
Digital Production Manager,8
Revenue Operations Analyst,7
Account Executive Italian Speaking,7
Customer Support Technician,6
Business Development Representative,6
Fi Senior Embedded Software Engineer,6
Freelance Economy Designer Black Budget,6
Technical Support Specialist,6
Senior Site Reliability Engineer Infrastructure,6
Hotel &amp; Resort Reservation Specialist,5
Senior Workforce Management Analyst,5
Video Editor,5
Ecosystem Operation Manager,5
Senior Software Engineer Risk,3
FrontEnd Engineer,3
