job_title,openings
$1k Weekly Work from Home Assistant,22
Technical Project Manager,20
Engineering Manager API,20
2026 Associate Solution Consultant Malaysia,16
Full Stack Software Engineer,16
Senior Game Designer WWE Champions,15
Sales Engineer LATAM,15
Channel Account Manager HVAC Northeast,14
Senior IT Auditor PCI QSA,14
Financial Analyst,14
Japan Marketing Manager,14
Junior Customer Support Specialist AI SaaS Support,14
Technical Customer Support Associate,14
Account Manager,14
Customer Service Representative,14
Support Engineer,13
Data Conversion Engineer,13
Field Sales Representative,13
iOS Software Engineer,13
Growth Marketing Manager,13
Senior Executive Assistant the CEO,13
Staff Software Engineer DevProd,13
Software Engineer Core Platform,12
Site Reliability Engineer,12
Senior Platform Engineer Postgres Specialist,12
Principal Product Designer,12
Senior React Native Developer,12
Quality Assurance Analyst,12
Client Success Manager,12
Software Engineer Manager Marketing,12
Fully Customer Service Booking Hotels,12
Auditor Safety Security and Compliance,12
Backend Developer,12
Travel Booking Specialist,12
Manager of Storage Services,12
Job 27039 Senior Product Owner Brazil,11
Senior Lead Designer Web &amp; Interactive,11
Manager Parcel Operations,11
Principal Product UX Designer,11
HR Coordinator,11
Manager Program Strategy,11
Fullstack Engineer Education,11
Senior Sales Engineer APAC,11
Account Manager Utilities Telecom Rail,11
Senior Software Engineer Data Platform,11
Principal Engineer Pulumi Neo,10
Senior Specialist Healthcare Data Analytics & Visualization,10
Senior Program Coordinator Data Operations,10
Technical Support Engineer,10
Staff Platform Security Engineer Office of the CISO,10
Account Executive,10
Copilot & Power Platform Architect,10
Senior Backend Engineer Infrastructure,10
Technical Customer Support Representative,10
Solutions Engineering Channel,10
Data Partnerships,10
Crypto Trading Trainee Market Analysis Associate,10
CUSTOMER SUCCESS MANAGER,10
Medical Director,10
Mid level Designer,9
Travel Product Researcher &amp; Content Curator,9
Customer Experience Shift Manager,9
Product Inventor Engineer @ Fun Ecom Co,9
Job 27144 Mid Level Fullstack Developer Brazil,9
Senior Staff Software Engineer,9
Appointment Coordinator,9
X Memes and Headline Commentary Tutor,8
Senior Engineering Manager Data Engineering,8
Software Development Engineer III,8
Member of Product Core Experience,8
Senior Full Stack Software Engineer,8
Product Line Manager Lending Solutions,8
Full Stack Engineer,8
Proposal Manager,8
Digital Production Manager,8
Middle Information Developer TSCM 43250,8
Game Designer Star Trek Fleet Command,8
Brand Designer,8
Contract Writer Black Budget,8
Manager End User Computing,8
Chief AGI Economist,8
Senior Software Development Engineer DevOps,8
Revenue Operations Analyst,7
Account Executive Italian Speaking,7
Technical Support Specialist,6
Business Development Representative,6
Customer Support Technician,6
Freelance Economy Designer Black Budget,6
Fi Senior Embedded Software Engineer,6
Senior Site Reliability Engineer Infrastructure,6
Video Editor,5
Hotel &amp; Resort Reservation Specialist,5
Ecosystem Operation Manager,5
Senior Workforce Management Analyst,5
FrontEnd Engineer,3
Senior Software Engineer Risk,3
